ProvinceCode,Province,DistrictCode,District,ChiefdomCode,Chiefdom,SectionCode,Section,LocalityCode,Locality,chf,loc,CHIEFDOM_SECTION,geonm_placename,geonm_nm,geonm_altnm,geonm_long,geonm_lat,geonm_dist,osm_placename,osm_nm,osm_long,osm_lat,osm_dist
3.0,South ,1.0,BO,1.0,BADJIA,1.0,KPALLAY,1.0,NJANDAMA,BADJIA,NJANDAMA,BADJIA_KPALLAY,NJANDAMA,Gondama,Gondama,-11.39445,8.11477,3,NJANDAMA,Gondama,-11.3825946,8.1168136,3
3.0,South ,1.0,BO,2.0,BAGBO,1.0,BUM,1.0,BUM,BAGBO,BUM,BAGBO_BUM,BUM,Jimi,Jimi,-11.81675,7.60422,3,BUM,Fula,-11.9660351,7.5406694,3
3.0,South ,1.0,BO,2.0,BAGBO,4.0,GORAPON,1.0,KASSIE,BAGBO,KASSIE,BAGBO_GORAPON,KASSIE,Kasse,Kasse,-11.91972,7.53816,1,KASSIE,Kassi,-11.9196816,7.5380929,1
3.0,South ,1.0,BO,2.0,BAGBO,2.0,KPANGBALIA,1.0,KPANGBALIA,BAGBO,KPANGBALIA,BAGBO_KPANGBALIA,KPANGBALIA,Kpangbalia,"Bangbalia,Kpangbalia",-11.90163,7.57378,0,KPANGBALIA,Bangbalia,-11.9014612,7.5744672,2
3.0,South ,1.0,BO,2.0,BAGBO,3.0,MANO,1.0,MANO,BAGBO,MANO,BAGBO_MANO,MANO,Mano,Mano,-11.86861,7.55556,0,MANO,Mano,-11.8695123,7.5564123,0
3.0,South ,1.0,BO,2.0,BAGBO,5.0,NIAGOREHUN,1.0,NIAGOREHUN,BAGBO,NIAGOREHUN,BAGBO_NIAGOREHUN,NIAGOREHUN,Nyandehun,Nyandehun,-11.90388,7.60216,4,NIAGOREHUN,Senehun,-11.8685167,7.6118213,6
3.0,South ,1.0,BO,2.0,BAGBO,6.0,TISSANA,1.0,MOMAJO,BAGBO,MOMAJO,BAGBO_TISSANA,MOMAJO,Momajo,Momajo,-11.94,7.57806,0,MOMAJO,Momajo,-11.9293793,7.535,0
3.0,South ,1.0,BO,3.0,BAGBWE(BAGBE),1.0,JONGO,1.0,KONDIAMA,BAGBWE(BAGBE),KONDIAMA,BAGBWE(BAGBE)_JONGO,NA,NA,NA,NA,NA,NA,NA,NA,NA,NA,NA
3.0,South ,1.0,BO,3.0,BAGBWE(BAGBE),2.0,KEMOH,1.0,BENDUMA,BAGBWE(BAGBE),BENDUMA,BAGBWE(BAGBE)_KEMOH,NA,NA,NA,NA,NA,NA,NA,NA,NA,NA,NA
3.0,South ,1.0,BO,3.0,BAGBWE(BAGBE),3.0,SAMAWA,1.0,BALIE,BAGBWE(BAGBE),BALIE,BAGBWE(BAGBE)_SAMAWA,NA,NA,NA,NA,NA,NA,NA,NA,NA,NA,NA
3.0,South ,1.0,BO,3.0,BAGBWE(BAGBE),4.0,SAMAWA,1.0,MENDEWA,BAGBWE(BAGBE),MENDEWA,BAGBWE(BAGBE)_SAMAWA,NA,NA,NA,NA,NA,NA,NA,NA,NA,NA,NA
2.0,North ,1.0,BOMBALI,1.0,BIRIWA,1.0,BALANDUGU,1.0,KAMASEKIE JUNCTION,BIRIWA,KAMASEKIE JUNCTION,BIRIWA_BALANDUGU,KAMASEKIE JUNCTION,Kamasiki,Kamasiki,-11.9105,9.32226,11,KAMASEKIE JUNCTION,Kamareki,-11.8579524,9.2201881,11
2.0,North ,1.0,BOMBALI,1.0,BIRIWA,2.0,BUMBAN,1.0,BUMBAN,BIRIWA,BUMBAN,BIRIWA_BUMBAN,BUMBAN,Bumban,Bumban,-11.85955,9.21407,0,BUMBAN,Bumban,-11.9080846,9.1231496,0
2.0,North ,1.0,BOMBALI,1.0,BIRIWA,4.0,KAKENDAMA,1.0,KAGBANEH,BIRIWA,KAGBANEH,BIRIWA_KAKENDAMA,KAGBANEH,Kagbane,Kagbane,-11.94908,9.29668,1,KAGBANEH,Kagbane,-11.9503789,9.2944641,1
2.0,North ,1.0,BOMBALI,1.0,BIRIWA,5.0,KAMAKOR,1.0,ENTER BY MILE 14 FROM KABALA HIGHWAY,BIRIWA,ENTER BY MILE 14 FROM KABALA HIGHWAY,BIRIWA_KAMAKOR,ENTER BY MILE 14 FROM KABALA HIGHWAY,Northern Province,"Northern,Northern Province,Province du Nord",-12.0,9.13333,29,ENTER BY MILE 14 FROM KABALA HIGHWAY,Makaimaia,-11.8570615,9.2656763,30
2.0,North ,1.0,BOMBALI,1.0,BIRIWA,3.0,KARASSA,1.0,KARASS ENTER BY KANIKAY JUNCTION,BIRIWA,KARASS ENTER BY KANIKAY JUNCTION,BIRIWA_KARASSA,KARASS ENTER BY KANIKAY JUNCTION,Karakana,Karakana,-11.91601,9.3789,24,KARASS ENTER BY KANIKAY JUNCTION,Kagbankuna,-11.9102856,9.4222099,24
2.0,North ,1.0,BOMBALI,1.0,BIRIWA,6.0,KARINA,1.0,ENTER BY KARINA JUNTION LEFT,BIRIWA,ENTER BY JUNTION LEFT,BIRIWA_KARINA,ENTER BY JUNTION LEFT,Gbengbe Hills,"Gbenabe Hills,Gbengbe Hills,Gbenge Hills",-11.85,9.13333,16,ENTER BY JUNTION LEFT,Bunbande,-12.0062291,9.0863742,16
2.0,North ,1.0,BOMBALI,1.0,BIRIWA,6.0,KARINA,2.0,ENTER BY MANJORO JUNCTION LEFT,BIRIWA,ENTER BY MANJORO JUNCTION LEFT,BIRIWA_KARINA,ENTER BY MANJORO JUNCTION LEFT,Northern Province,"Northern,Northern Province,Province du Nord",-12.0,9.13333,22,ENTER BY MANJORO JUNCTION LEFT,Mankorokoro,-11.9832647,9.1985184,23
2.0,North ,1.0,BOMBALI,1.0,BIRIWA,7.0,KAYONKORO,1.0,KARONKO JUNCTION,BIRIWA,KARONKO JUNCTION,BIRIWA_KAYONKORO,KARONKO JUNCTION,Matonkombo,Matonkombo,-11.87845,9.31605,10,KARONKO JUNCTION,Kagbankuna,-11.9102856,9.4222099,11
3.0,South ,1.0,BO,5.0,BO TOWN,1.0,TENGBEWABU,6.0,TENGBEWABU BO TOWN,KAKUA,BO,BO TOWN_TENGBEWABU,BO,Bo,"Bo,KBS,bo,bo cheng,bw,bw  syralywn,Μπο,Бо,בו,بو، سیرالیون,ボー,博城,보",-11.73833,7.96472,0,BO,Bo,-11.7366499,7.9620654,0
3.0,South ,1.0,BO,4.0,BOAMA,1.0,BAMBAWO,1.0,GOLU,BOAMA,GOLU,BOAMA_BAMBAWO,GOLU,Golu,Golu,-11.54414,7.90582,0,GOLU,Falu,-11.5872595,7.9345399,2
3.0,South ,1.0,BO,4.0,BOAMA,2.0,BAMBAWO,1.0,JORMU,BOAMA,JORMU,BOAMA_BAMBAWO,JORMU,Golu,Golu,-11.54414,7.90582,3,JORMU,Boabu,-11.368439,8.0623595,3
3.0,South ,1.0,BO,4.0,BOAMA,3.0,KIMAYA,1.0,KPUMBU,BOAMA,KPUMBU,BOAMA_KIMAYA,KPUMBU,Kpumbu,"Kpumbu,Pombu",-11.48774,7.97431,0,KPUMBU,Kpumbu,-11.4880298,7.9741139,0
3.0,South ,1.0,BO,4.0,BOAMA,4.0,LOWER PATALOO,4.0,PATALOO,BOAMA,PATALOO,BOAMA_LOWER PATALOO,PATALOO,Patama,Patama,-11.54419,7.83221,3,PATALOO,Matama,-11.397215,8.0417862,4
3.0,South ,1.0,BO,4.0,BOAMA,4.0,LOWER PATALOO,5.0,PATALOO MBUNDORBU,BOAMA,PATALOO MBUNDORBU,BOAMA_LOWER PATALOO,PATALOO MBUNDORBU,Mbundobu,"Bundobu,Mbundobu",-11.51072,7.92261,9,PATALOO MBUNDORBU,Bundobu,-11.5113273,7.9231696,10
3.0,South ,1.0,BO,4.0,BOAMA,5.0,MAWOJEH,1.0,KIGBAI,BOAMA,KIGBAI,BOAMA_MAWOJEH,KIGBAI,Kigbai,Kigbai,-11.50434,7.86981,0,KIGBAI,Kigbai,-11.5046658,7.8702563,0
3.0,South ,1.0,BO,4.0,BOAMA,5.0,MAWOJEH,1.0,BONYA PELEWAHUN,BOAMA,BONYA PELEWAHUN,BOAMA_MAWOJEH,BONYA PELEWAHUN,Lalewahun,Lalewahun,-11.58163,7.82499,7,BONYA PELEWAHUN,Njaluahun,-11.4501738,7.9375876,8
3.0,South ,1.0,BO,4.0,BOAMA,6.0,SONNAH,1.0,TUNGEBU,BOAMA,TUNGEBU,BOAMA_SONNAH,TUNGEBU,Tungbebu,"Tongwebu,Tungbebu,Tungebu,Tungwebu",-11.53247,7.87698,1,TUNGEBU,Tongwebu,-11.534672,7.8776805,2
3.0,South ,1.0,BO,4.0,BOAMA,7.0,UPPER PATALOO,4.0,PATALOO YAKAJI,BOAMA,PATALOO YAKAJI,BOAMA_UPPER PATALOO,PATALOO YAKAJI,Yakaji,Yakaji,-11.42769,8.005,8,PATALOO YAKAJI,Yakaji,-11.4280498,8.0052319,8
2.0,North ,1.0,BOMBALI,2.0,BOMBALI SEBORA,1.0,KAGBARAN DOKOM   B,2.0,KAGBARAN DOKOM PATE BANA,BOMBALI SEBORA,KAGBARAN DOKOM PATE BANA,BOMBALI SEBORA_KAGBARAN DOKOM   B,KAGBARAN DOKOM PATE BANA,Waribana,Waribana,-12.14314,8.76599,18,KAGBARAN DOKOM PATE BANA,Makump Bana,-12.0400921,8.8077134,15
2.0,North ,1.0,BOMBALI,2.0,BOMBALI SEBORA,2.0,KAGBARAN DOKOM   B,1.0,KAGBARAN DOKOM B MABOLLEH,BOMBALI SEBORA,KAGBARAN DOKOM B MABOLLEH,BOMBALI SEBORA_KAGBARAN DOKOM   B,KAGBARAN DOKOM B MABOLLEH,Makrombom,Makrombom,-11.9777,8.89002,19,KAGBARAN DOKOM B MABOLLEH,Mabole,-12.0575751,8.8242517,19
2.0,North ,1.0,BOMBALI,2.0,BOMBALI SEBORA,3.0,MATOTOKA,3.0,MATOTOKA MASSORY,BOMBALI SEBORA,MASSORY,BOMBALI SEBORA_MATOTOKA,MASSORY,Masori,Masori,-12.09864,8.70909,2,MASSORY,Maserry,-12.0291363,8.7608764,2
2.0,North ,1.0,BOMBALI,2.0,BOMBALI SEBORA,4.0,SEBORA,4.0,SEBORA MAFORAY,BOMBALI SEBORA,MAFORAY,BOMBALI SEBORA_SEBORA,MAFORAY,Masori,Masori,-12.09864,8.70909,3,MAFORAY,Maserry,-12.0291363,8.7608764,3
3.0,South ,1.0,BO,6.0,BUMPE NGAO,1.0,SAHN,1.0,SAHN SAHN,BUMPEH,SAHN,BUMPE NGAO_SAHN,SAHN,Sami,Sami,-11.87668,7.82133,2,SAHN,Sami,-11.876489,7.8216463,2
3.0,South ,1.0,BO,6.0,BUMPE NGAO,2.0,SEWAMA,2.0,SEWAMA KANIYA,BUMPEH,KANIYA,BUMPE NGAO_SEWAMA,KANIYA,Kanga,Kanga,-12.05127,7.95104,2,KANIYA,Waima,-11.9649286,7.9312588,3
3.0,South ,1.0,BO,6.0,BUMPE NGAO,2.0,SEWAMA,3.0,SEWAMA MOKOBA,BUMPEH,MOKOBA,BUMPE NGAO_SEWAMA,MOKOBA,Makoba,Makoba,-11.94631,7.75612,1,MOKOBA,Mokota,-12.1428293,7.8999135,1
3.0,South ,1.0,BO,6.0,BUMPE NGAO,2.0,SEWAMA,4.0,SEWAMA MOKPENDE,BUMPEH,MOKPENDE,BUMPE NGAO_SEWAMA,MOKPENDE,Mopende,"Mopende,Mopendi",-11.95112,7.71155,1,MOKPENDE,Mokpende,-11.9511428,7.7114276,0
3.0,South ,1.0,BO,6.0,BUMPE NGAO,3.0,TANINAHUN,5.0,TANINAHUN TANINAHUN,BUMPEH,TANINAHUN,BUMPE NGAO_TANINAHUN,TANINAHUN,Taninahun,Taninahun,-12.0857,7.88993,0,TANINAHUN,Taninahun,-12.0862546,7.8911617,0
3.0,South ,1.0,BO,6.0,BUMPE NGAO,4.0,WALIHUN,6.0,WALIHUN WALIHUN,BUMPEH,WALIHUN,BUMPE NGAO_WALIHUN,WALIHUN,Walihun,Walihun,-12.08603,7.76526,0,WALIHUN,Walihun,-12.0885213,7.7671045,0
3.0,South ,1.0,BO,6.0,BUMPE NGAO,5.0,YENGEMA,7.0,YENGEMA YENGEMA,BUMPEH,YENGEMA,BUMPE NGAO_YENGEMA,YENGEMA,Yengema,Yengema,-12.01408,7.82477,0,YENGEMA,Yengema,-12.0140828,7.8252287,0
1.0,East,2.0,KENEMA,1.0,DAMA,1.0,DAKOWA,1.0,GIEMA,DAMA,GIEMA,DAMA_DAKOWA,GIEMA,Giema,Giema,-11.14236,7.77522,0,GIEMA,Giema,-11.1423482,7.7751225,0
1.0,East,2.0,KENEMA,1.0,DAMA,1.0,DAKOWA,2.0,PATAMA,DAMA,PATAMA,DAMA_DAKOWA,PATAMA,Petema,Petema,-11.07836,7.75764,2,PATAMA,Petema,-11.0783393,7.7577414,2
1.0,East,2.0,KENEMA,1.0,DAMA,2.0,DANYADEJO,1.0,DIAMEI,DAMA,DIAMEI,DAMA_DANYADEJO,DIAMEI,Diame,Diame,-11.14296,7.72689,1,DIAMEI,Diame,-11.1430378,7.7266172,1
1.0,East,2.0,KENEMA,1.0,DAMA,3.0,DASSAMA,1.0,KORNIA,DAMA,KORNIA,DAMA_DASSAMA,KORNIA,Konia,Konia,-11.07188,7.86592,1,KORNIA,Konia,-11.0713641,7.8661294,1
1.0,East,2.0,KENEMA,1.0,DAMA,3.0,DASSAMA,2.0,MAJIHUN,DAMA,MAJIHUN,DAMA_DASSAMA,MAJIHUN,Majihun,Majihun,-11.11812,7.84833,0,MAJIHUN,Majihun,-11.117789,7.8481916,0
1.0,East,2.0,KENEMA,1.0,DAMA,4.0,FOWAI,1.0,GAO,DAMA,GAO,DAMA_FOWAI,GAO,Gama,"Gaama,Gama",-11.21945,7.73318,2,GAO,Gama,-11.2194446,7.7336102,2
1.0,East,2.0,KENEMA,1.0,DAMA,5.0,KLAJIE,1.0,LELEIMA,DAMA,LELEIMA,DAMA_KLAJIE,LELEIMA,Lilema,Lilema,-11.06172,7.80186,2,LELEIMA,Lilema,-11.0614981,7.8024685,2
1.0,East,2.0,KENEMA,1.0,DAMA,6.0,LOWER DABOR,1.0,DABOR LOPPA,DAMA,DABOR LOPPA,DAMA_LOWER DABOR,DABOR LOPPA,Lopa,Lopa,-11.24275,7.67596,7,DABOR LOPPA,Lopa,-11.2429432,7.6758106,7
1.0,East,2.0,KENEMA,1.0,DAMA,7.0,UPPER DABOR,1.0,DABOR TAWAHUN,DAMA,DABOR TAWAHUN,DAMA_UPPER DABOR,DABOR TAWAHUN,Tawahun,Tawahun,-11.02836,7.86469,6,DABOR TAWAHUN,Tawahun,-11.0284201,7.8645679,6
1.0,East,2.0,KENEMA,1.0,DAMA,7.0,UPPER DABOR,2.0,DABOR TORKPOMBU,DAMA,DABOR TORKPOMBU,DAMA_UPPER DABOR,DABOR TORKPOMBU,Tokpombu,Tokpombu,-11.01216,7.82226,7,DABOR TORKPOMBU,Tokpombu,-11.0114559,7.821784,7
1.0,East,2.0,KENEMA,2.0,DODO,1.0,KORGAY,1.0,GUALA,DODO,GUALA,DODO_KORGAY,GUALA,Gurala,Gurala,-11.1467,8.11541,1,GUALA,Gurala,-11.1467145,8.1154491,1
1.0,East,2.0,KENEMA,2.0,DODO,2.0,SEIWOH,1.0,MBOWOHUN,DODO,MBOWOHUN,DODO_SEIWOH,MBOWOHUN,Motehun,NA,-11.15,8.3,3,MBOWOHUN,Motehun,-11.1572935,8.2940757,3
1.0,East,2.0,KENEMA,3.0,GAURA,1.0,GIEBU,1.0,SECTION VENIMA,GAURA,VENIMA,GAURA_GIEBU,VENIMA,Vanima,Vanima,-11.11591,7.68551,1,VENIMA,Vanima,-11.1158755,7.6856863,1
1.0,East,2.0,KENEMA,3.0,GAURA,2.0,KOKORU,1.0,KOKORU,GAURA,KOKORU,GAURA_KOKORU,KOKORU,Kokoru,Kokoru,-11.11768,7.63171,0,KOKORU,Kokoru,-11.117782,7.6316923,0
1.0,East,2.0,KENEMA,3.0,GAURA,2.0,KOKORU,2.0,PERRIE,GAURA,PERRIE,GAURA_KOKORU,PERRIE,Peri,Peri,-11.07844,7.66043,2,PERRIE,Peri,-11.0787503,7.6608938,2
1.0,East,2.0,KENEMA,3.0,GAURA,3.0,MENDEKELEMA,1.0,SECTION MENDEKELEMA,GAURA,MENDEKELEMA,GAURA_MENDEKELEMA,MENDEKELEMA,Mendekelema,Mendekelema,-10.97677,7.76342,0,MENDEKELEMA,Mendekelema,-10.977305,7.763239,0
1.0,East,2.0,KENEMA,3.0,GAURA,4.0,SANDARU,1.0,SECTION SANDARU,GAURA,SANDARU,GAURA_SANDARU,SANDARU,Semabu,Semabu,-11.01692,7.77641,4,SANDARU,Sandaru,-11.0415786,7.7694129,0
1.0,East,2.0,KENEMA,3.0,GAURA,5.0,SEMBEHUN,1.0,BOLEY SEMBEHUN,GAURA,BOLEY SEMBEHUN,GAURA_SEMBEHUN,BOLEY SEMBEHUN,Sembehun,Sembehun,-10.96025,7.72833,6,BOLEY SEMBEHUN,Sembehun,-10.9602279,7.7290972,6
2.0,North ,1.0,BOMBALI,3.0,GBANTI KAMARANK,1.0,GBENKFAY,1.0,GBAINKFAY GBAINKFAY,GBANTI KAMARANKA,GBAINKFAY GBAINKFAY,GBANTI KAMARANK_GBENKFAY,GBAINKFAY GBAINKFAY,Gbanti Kamaranka,NA,-12.27778,9.2847,11,GBAINKFAY GBAINKFAY,Kamaranka,-12.20747,9.2954367,13
2.0,North ,1.0,BOMBALI,3.0,GBANTI KAMARANK,2.0,GBONKOBANA,2.0,GBONKOBANA GBONKOBANA,GBANTI KAMARANKA,GBONKOBANA,GBANTI KAMARANK_GBONKOBANA,GBONKOBANA,Gbonkofol,Gbonkofol,-12.29951,9.3053,4,GBONKOBANA,Bongka,-12.2336757,9.2699524,6
2.0,North ,1.0,BOMBALI,3.0,GBANTI KAMARANK,3.0,KAMBIA,3.0,KAMBIA KAMBIA MAKULON,GBANTI KAMARANKA,MAKULON,GBANTI KAMARANK_KAMBIA,MAKULON,Makulon,Makulon,-12.27343,9.3295,0,MAKULON,Makulon,-12.2732656,9.3294946,0
2.0,North ,1.0,BOMBALI,3.0,GBANTI KAMARANK,4.0,ROGBERAY,4.0,ROGBERAY BORONGOH MAKARANKAY,GBANTI KAMARANKA,BORONGOH MAKARANKAY,GBANTI KAMARANK_ROGBERAY,BORONGOH MAKARANKAY,Gbanti Kamaranka,NA,-12.27778,9.2847,10,BORONGOH MAKARANKAY,Kamaranka,-12.20747,9.2954367,12
2.0,North ,1.0,BOMBALI,3.0,GBANTI KAMARANK,5.0,ROYEAMA A,5.0,ROYEAMA A ROYEAMA,GBANTI KAMARANKA,ROYEAMA,GBANTI KAMARANK_ROYEAMA A,ROYEAMA,Yema,Yema,-12.16172,9.24916,3,ROYEAMA,Yema,-12.161161,9.2490698,3
2.0,North ,1.0,BOMBALI,3.0,GBANTI KAMARANK,6.0,SAKUMA A,6.0,SAKUMA A MAKAIBA,GBANTI KAMARANKA,MAKAIBA,GBANTI KAMARANK_SAKUMA A,MAKAIBA,Makabai,Makabai,-12.2086,9.25931,2,MAKAIBA,Madina,-12.2244724,9.257187,3
2.0,North ,1.0,BOMBALI,4.0,GBENDEMBU NGOWA,1.0,GARANGANWA,1.0,GARANGANA MAHARIE,GBENDEMBU NGOWA,GARANGANA MAHARIE,GBENDEMBU NGOWA_GARANGANWA,NA,NA,NA,NA,NA,NA,NA,NA,NA,NA,NA
2.0,North ,1.0,BOMBALI,4.0,GBENDEMBU NGOWA,2.0,LOHINDIE,2.0,LOHINDIE KORTUHUN,GBENDEMBU NGOWA,KORTUHUN,GBENDEMBU NGOWA_LOHINDIE,NA,NA,NA,NA,NA,NA,NA,NA,NA,NA,NA
2.0,North ,1.0,BOMBALI,4.0,GBENDEMBU NGOWA,3.0,LOKO-MADINA,3.0,MADINA LOKO MADINA LOKO,GBENDEMBU NGOWA,MADINA LOKO MADINA LOKO,GBENDEMBU NGOWA_LOKO-MADINA,NA,NA,NA,NA,NA,NA,NA,NA,NA,NA,NA
2.0,North ,1.0,BOMBALI,4.0,GBENDEMBU NGOWA,4.0,MAMAKA,4.0,MAMAKA MAMAKA,GBENDEMBU NGOWA,MAMAKA,GBENDEMBU NGOWA_MAMAKA,NA,NA,NA,NA,NA,NA,NA,NA,NA,NA,NA
2.0,North ,5.0,TONKOLILI,1.0,GBONKOLENKEN,1.0,LOWER MASSAKONG,3.0,MASSAKONG MASUMANA,GBONKOLENKEN,MASSAKONG MASUMANA,GBONKOLENKEN_LOWER MASSAKONG,MASSAKONG MASUMANA,Masumana,Masumana,-11.98922,8.47574,10,MASSAKONG MASUMANA,Makomp Masco,-11.8935015,8.4206796,10
2.0,North ,5.0,TONKOLILI,1.0,GBONKOLENKEN,2.0,LOWER POLIE,6.0,POLIE MARAKA,GBONKOLENKEN,POLIE MARAKA,GBONKOLENKEN_LOWER POLIE,POLIE MARAKA,Maraka,Maraka,-11.98797,8.54011,6,POLIE MARAKA,Roline kagbla,-11.878401,8.4287187,6
2.0,North ,5.0,TONKOLILI,1.0,GBONKOLENKEN,3.0,MAYEPPOH,1.0,MAKONKURI,GBONKOLENKEN,MAKONKURI,GBONKOLENKEN_MAYEPPOH,MAKONKURI,Maprakuri,Maprakuri,-11.93445,8.49787,3,MAKONKURI,Makokma,-11.9109782,8.3995837,4
2.0,North ,5.0,TONKOLILI,1.0,GBONKOLENKEN,4.0,PATIFU,2.0,PATIFU MAYEPPOH,GBONKOLENKEN,MAYEPPOH,GBONKOLENKEN_PATIFU,MAYEPPOH,Mayopo,Mayopo,-11.84326,8.4984,3,MAYEPPOH,Mayopoh,-11.8437891,8.4991306,2
2.0,North ,5.0,TONKOLILI,1.0,GBONKOLENKEN,5.0,UPPER MASSAKONG,3.0,MASSAKONG WARRIMA,GBONKOLENKEN,MASSAKONG WARRIMA,GBONKOLENKEN_UPPER MASSAKONG,MASSAKONG WARRIMA,Masakon,Masakon,-11.89512,8.42808,10,MASSAKONG WARRIMA,Masakong,-11.8974879,8.4294608,9
2.0,North ,5.0,TONKOLILI,1.0,GBONKOLENKEN,6.0,UPPER POLIE,5.0,POLIE MATHAMP,GBONKOLENKEN,POLIE MATHAMP,GBONKOLENKEN_UPPER POLIE,POLIE MATHAMP,Matamp,"Matamp,Metamp",-11.94681,8.54571,7,POLIE MATHAMP,Matamp,-11.9470783,8.54656,7
2.0,North ,5.0,TONKOLILI,1.0,GBONKOLENKEN,7.0,YIBEN,1.0,YIBEN,GBONKOLENKEN,YIBEN,GBONKOLENKEN_YIBEN,YIBEN,Yiben,Yiben,-11.99448,8.39806,0,YIBEN,Yiben,-11.9944801,8.3970736,0
3.0,South ,1.0,BO,7.0,GBO,1.0,MARYU,1.0,SEMBEHUN MAMAGEWOR,GBO,SEMBEHUN MAMAGEWOR,GBO_MARYU,SEMBEHUN MAMAGEWOR,Sumbuya,Sumbuya,-11.79217,8.04818,13,SEMBEHUN MAMAGEWOR,Sumbuya,-11.7922683,8.0482001,13
1.0,East,2.0,KENEMA,4.0,GORAMA MENDE,1.0,FAMANJO,1.0,FAMANJO BAMBA KAIMA,GORAMA MENDE,BAMBA KAIMA,GORAMA MENDE_FAMANJO,BAMBA KAIMA,Bambakalema,"Bambakalema,Bambarakalima",-11.32396,8.47343,3,BAMBA KAIMA,Bambakalema,-11.3236412,8.4732077,3
1.0,East,2.0,KENEMA,4.0,GORAMA MENDE,1.0,FAMANJO,2.0,FAMANJO PUNDURU,GORAMA MENDE,PUNDURU,GORAMA MENDE_FAMANJO,PUNDURU,Punduru,Punduru,-11.2874,8.48673,0,PUNDURU,Punduru,-11.2869891,8.4867519,0
1.0,East,2.0,KENEMA,4.0,GORAMA MENDE,2.0,KAKLAWA,3.0,KAKLAWA KONTA,GORAMA MENDE,KONTA,GORAMA MENDE_KAKLAWA,KONTA,Konta,Konta,-11.33392,8.38259,0,KONTA,Konta,-11.3337514,8.3828554,0
1.0,East,2.0,KENEMA,4.0,GORAMA MENDE,3.0,KUALLEY,4.0,KUALLAY NGIEGBOIYA,GORAMA MENDE,KUALLAY NGIEGBOIYA,GORAMA MENDE_KUALLEY,KUALLAY NGIEGBOIYA,Kegbolia,Kegbolia,-11.52011,8.50998,12,KUALLAY NGIEGBOIYA,Kegbolia,-11.5198665,8.5099919,12
3.0,South ,1.0,BO,8.0,JAIAMA BONGOR,1.0,LOWER NYAWA,1.0,LOWER NYAWA MANO JAIAMA,JIAMA-BONGOR,MANO JAIAMA,JAIAMA BONGOR_LOWER NYAWA,MANO JAIAMA,Yabaima,Yabaima,-11.5872,7.85067,6,MANO JAIAMA,Yabaima,-11.5875773,7.8508601,6
3.0,South ,1.0,BO,8.0,JAIAMA BONGOR,2.0,NEKPONDO,2.0,NEKPONDO LOWOMA,JIAMA-BONGOR,LOWOMA,JAIAMA BONGOR_NEKPONDO,LOWOMA,Sogoma,Sogoma,-11.63182,7.72295,2,LOWOMA,Laoma,-11.5732789,7.8813072,2
3.0,South ,1.0,BO,8.0,JAIAMA BONGOR,3.0,TONGOWA,3.0,TONGOWA MAMBOMA,JIAMA-BONGOR,MAMBOMA,JAIAMA BONGOR_TONGOWA,MAMBOMA,Mamboma,Mamboma,-11.65994,7.8406,0,MAMBOMA,Mamboma,-11.6607656,7.8402501000000004,0
3.0,South ,1.0,BO,8.0,JAIAMA BONGOR,4.0,UPPER BAIMBA,4.0,UPPER BAIMBA TELU,JIAMA-BONGOR,TELU,JAIAMA BONGOR_UPPER BAIMBA,TELU,Telu,Telu,-11.63686,7.80622,0,TELU,Telu,-11.6378778,7.8057283,0
3.0,South ,1.0,BO,8.0,JAIAMA BONGOR,5.0,UPPER NYAWA,5.0,UPPER NYAWA NIANYAHUN,JIAMA-BONGOR,NIANYAHUN,JAIAMA BONGOR_UPPER NYAWA,NIANYAHUN,Nyandehun,Nyandehun,-11.71482,7.65975,3,NIANYAHUN,Nyandehun,-11.7146901,7.6598168,3
2.0,North ,5.0,TONKOLILI,2.0,KAFE SIMIRIA,1.0,MAKELFA,1.0,MAKELFA SECTION MASUMBIRIE,KAFE SIMIRA,MASUMBIRIE,KAFE SIMIRIA_MAKELFA,MASUMBIRIE,Masumbiri,Masumbiri,-11.75387,8.82345,1,MASUMBIRIE,Masumbiri,-11.7542179,8.822777,1
2.0,North ,5.0,TONKOLILI,2.0,KAFE SIMIRIA,2.0,MAKONTANDE,2.0,MAKONTANDE MAKONTANDE,KAFE SIMIRA,MAKONTANDE,KAFE SIMIRIA_MAKONTANDE,MAKONTANDE,Makontande,Makontande,-11.81051,8.94782,0,MAKONTANDE,Makende,-11.8525564,8.936542,4
3.0,South ,1.0,BO,9.0,KAKUA,4.0,KPANDOBU,1.0,MANGUAMA VILLAGE,KAKUA,MANGUAMA,KAKUA_KPANDOBU,MANGUAMA,Manguama,Manguama,-11.67775,8.01351,0,MANGUAMA,Manguama,-11.6774155,8.0137512,0
3.0,South ,1.0,BO,9.0,KAKUA,1.0,NYALLAY,1.0,BANDAJUMA,KAKUA,BANDAJUMA,KAKUA_NYALLAY,BANDAJUMA,Bandajuma,Bandajuma,-11.66489,7.94258,0,BANDAJUMA,Bandajuma,-11.6672927,7.9415583,0
3.0,South ,1.0,BO,9.0,KAKUA,2.0,NYAWA,1.0,SENGEHUN,KAKUA,SENGEHUN,KAKUA_NYAWA,SENGEHUN,Sembehun,NA,-11.71667,8.0,2,SENGEHUN,Fengehun,-11.5927051,7.9779042,1
3.0,South ,1.0,BO,9.0,KAKUA,3.0,SAMAMIE,1.0,GBONGBOMA,KAKUA,GBONGBOMA,KAKUA_SAMAMIE,GBONGBOMA,Gbongboma,Gbongboma,-11.7389,8.03817,0,GBONGBOMA,Bondoma,-11.7864319,8.0306829,3
2.0,North ,5.0,TONKOLILI,3.0,KALANSOGOIA,1.0,KAMAKATHIE,1.0,KAMASAYPANA,KALANSOGOIA,KAMASAYPANA,KALANSOGOIA_KAMAKATHIE,KAMASAYPANA,Kamasapi,Kamasapi,-11.7471,9.18395,4,KAMASAYPANA,Kamasapi,-11.7472439,9.1842897,4
2.0,North ,5.0,TONKOLILI,3.0,KALANSOGOIA,2.0,KASOKIRA,1.0,KATOMBO,KALANSOGOIA,KATOMBO,KALANSOGOIA_KASOKIRA,KATOMBO,Katombo,"Katambo,Katombo",-11.75,9.06667,0,KATOMBO,Katombo,-11.75,9.066667,0
2.0,North ,5.0,TONKOLILI,3.0,KALANSOGOIA,3.0,LOWER SECTION,7.0,SECTION BASAIYA,KALANSOGOIA,BASAIYA,KALANSOGOIA_LOWER SECTION,BASAIYA,Balia,NA,-11.73333,8.91667,3,BASAIYA,Balia,-11.7412923,8.9203452,3
2.0,North ,5.0,TONKOLILI,3.0,KALANSOGOIA,4.0,UPPER SECTION,6.0,SECTION KEIMADUGU,KALANSOGOIA,KEIMADUGU,KALANSOGOIA_UPPER SECTION,KEIMADUGU,Keimadugu,Keimadugu,-11.66397,9.00664,0,KEIMADUGU,Keimadugu,-11.661309,9.0064963,0
1.0,East,2.0,KENEMA,5.0,KANDU LEPPIAMA,1.0,BORLEY,1.0,SEMBEHUN,KANDO LEPPEAMA,SEMBEHUN,KANDU LEPPIAMA_BORLEY,SEMBEHUN,Sembehun,Sembehun,-11.32771,8.01995,0,SEMBEHUN,Sembehun,-11.3271159,8.0198571,0
1.0,East,2.0,KENEMA,5.0,KANDU LEPPIAMA,2.0,SONNIE,2.0,SONNIE DEIMA,KANDO LEPPEAMA,DEIMA,KANDU LEPPIAMA_SONNIE,DEIMA,Deima,"Deima,Diima,Dilma",-11.25933,7.97686,0,DEIMA,Deima,-11.2589843,7.9789347,0
1.0,East,2.0,KENEMA,5.0,KANDU LEPPIAMA,2.0,SONNIE,3.0,SONNIE GBADO,KANDO LEPPEAMA,GBADO,KANDU LEPPIAMA_SONNIE,GBADO,Gbado,"Bado,Gbado",-11.27907,8.00781,0,GBADO,Bado,-11.2781898,8.0076956,1
1.0,East,2.0,KENEMA,6.0,KENEMA TOWN,1.0,GBO KAKAJAMA,1.0,GBO KAKAJAMA SAMAI TOWN,NONGOWA,SAMAI,KENEMA TOWN_GBO KAKAJAMA,SAMAI,Sami,Sami,-11.02749,7.95456,1,SAMAI,Sami,-11.0941546,7.938084,1
1.0,East,2.0,KENEMA,6.0,KENEMA TOWN,2.0,KONDEBOTIHUN,2.0,KONDEBOTIHUN KONDEBOTIHUN VILLAGE,NONGOWA,KONDEBOTIHUN,KENEMA TOWN_KONDEBOTIHUN,KONDEBOTIHUN,Kundorwahun,"Kunderwahun,Kundorwahun",-11.18295,8.03407,6,KONDEBOTIHUN,Kundorwahun,-11.1827798,8.0339082,6
1.0,East,2.0,KENEMA,6.0,KENEMA TOWN,3.0,KOYAGBEMA,3.0,KOYAGBEMA DAUDA TOWN,NONGOWA,DAUDA,KENEMA TOWN_KOYAGBEMA,DAUDA,Bauya,Bauya,-11.07267,7.94424,2,DAUDA,Guama,-11.0929281,8.0253498,3
2.0,North ,5.0,TONKOLILI,4.0,KHOLIFA MABANG,1.0,KOMRABAI,1.0,KOMRABAI MAMANSO KAFLA,KHOLIFA MABANG,MAMANSO KAFLA,KHOLIFA MABANG_KOMRABAI,MAMANSO KAFLA,Mamano,Mamano,-12.01832,8.56482,7,MAMANSO KAFLA,Mamanso Moi,-12.141234,8.5674052,5
2.0,North ,5.0,TONKOLILI,4.0,KHOLIFA MABANG,2.0,KUMRABAI,2.0,KOMRABAI SECTION KOMRABAI STATION,KHOLIFA MABANG,KOMRABAI  KOMRABAI STATION,KHOLIFA MABANG_KUMRABAI,KOMRABAI  KOMRABAI STATION,Kumrabai Matuko,Kumrabai Matuko,-12.10521,8.52256,14,KOMRABAI  KOMRABAI STATION,Kumrabai Mamila,-12.1,8.533333,14
2.0,North ,5.0,TONKOLILI,4.0,KHOLIFA MABANG,3.0,MARUNIA SAKIE,3.0,MARUNIA SAKIE MABAI,KHOLIFA MABANG,MABAI,KHOLIFA MABANG_MARUNIA SAKIE,MABAI,Maya,Maya,-12.23954,8.60018,2,MABAI,Mabang,-12.1733659,8.5653344,2
2.0,North ,5.0,TONKOLILI,4.0,KHOLIFA MABANG,3.0,MARUNIA SAKIE,4.0,MARUNIA SAKIE MATHINKA LOL,KHOLIFA MABANG,MATHINKA LOL,KHOLIFA MABANG_MARUNIA SAKIE,MATHINKA LOL,Matinka,Matinka,-12.15297,8.54739,5,MATHINKA LOL,Mathinka Bana,-12.1529828,8.5473946,4
2.0,North ,5.0,TONKOLILI,5.0,KHOLIFA ROWALA,1.0,MAKUMP,1.0,MAKUMP MALONE,KHOLIFA ROWALLA,MALONE,KHOLIFA ROWALA_MAKUMP,MALONE,Malon,Malon,-11.92234,8.66894,1,MALONE,Malon,-11.9219255,8.6699678,1
2.0,North ,5.0,TONKOLILI,5.0,KHOLIFA ROWALA,2.0,MAMUNTHA,2.0,MAMUNTHA MABORIE,KHOLIFA ROWALLA,MABORIE,KHOLIFA ROWALA_MAMUNTHA,MABORIE,Mabure,Mabure,-12.0689,8.651,2,MABORIE,Maberi,-11.8719534,8.6896463,2
2.0,North ,5.0,TONKOLILI,5.0,KHOLIFA ROWALA,2.0,MAMUNTHA,3.0,MAMUNTHA MAGBASS,KHOLIFA ROWALLA,MAGBASS,KHOLIFA ROWALA_MAMUNTHA,MAGBASS,Magbass,NA,-11.94333,8.71694,0,MAGBASS,Mabai,-11.8993065,8.6795033,3
2.0,North ,5.0,TONKOLILI,5.0,KHOLIFA ROWALA,2.0,MAMUNTHA,4.0,MAMUNTHA MAMUNTHA,KHOLIFA ROWALLA,MAMUNTHA,KHOLIFA ROWALA_MAMUNTHA,MAMUNTHA,Mamunta,NA,-12.01853,8.63338,1,MAMUNTHA,Mamunta,-12.0182326,8.6342738,1
2.0,North ,5.0,TONKOLILI,5.0,KHOLIFA ROWALA,3.0,MAYOSO,5.0,MAYOSO MASOKO,KHOLIFA ROWALLA,MASOKO,KHOLIFA ROWALA_MAYOSO,MASOKO,Masoko,Masoko,-11.86988,8.79101,0,MASOKO,Masoko,-11.929744,8.718048,0
2.0,North ,5.0,TONKOLILI,5.0,KHOLIFA ROWALA,4.0,MAYOSSOH,6.0,MAYOSSOH MAYOSSOH,KHOLIFA ROWALLA,MAYOSSOH,KHOLIFA ROWALA_MAYOSSOH,MAYOSSOH,Mayawso,Mayawso,-11.98213,8.58787,3,MAYOSSOH,Mayawso,-11.9827524,8.5895592,3
3.0,South ,1.0,BO,10.0,KOMBOYA,1.0,KEISUA,1.0,NYAGOIHUN 2,KOMBOYA,NYAGOIHUN 2,KOMBOYA_KEISUA,NYAGOIHUN 2,Naiagolehun,Naiagolehun,-11.48209,8.23425,6,NYAGOIHUN 2,Naiagolehun,-11.4435442,8.180199,6
3.0,South ,1.0,BO,10.0,KOMBOYA,3.0,TONGOWA,1.0,TEIBO,KOMBOYA,TEIBO,KOMBOYA_TONGOWA,TEIBO,Teibo,"Tebo,Teibo",-11.52341,8.24581,0,TEIBO,Tebo,-11.5240815,8.2452268,1
1.0,East,2.0,KENEMA,7.0,KOYA,1.0,JOI,1.0,JOI JOI KOYA WEST,KOYA,KOYA WEST,KOYA_JOI,KOYA WEST,Koya,NA,-11.29145,7.57859,5,KOYA WEST,Kamaso,-11.3282337,7.6328629,6
1.0,East,2.0,KENEMA,7.0,KOYA,2.0,SERABU,2.0,SERABU SERABU,KOYA,SERABU,KOYA_SERABU,SERABU,Serabu,"Selabu,Serabu",-11.3496,7.60459,0,SERABU,Selabu,-11.349517,7.6043841,1
1.0,East,2.0,KENEMA,7.0,KOYA,3.0,UPPER KOYA,3.0,UPPER KOYA BONGOR,KOYA,BONGOR,KOYA_UPPER KOYA,BONGOR,Bongo,Bongo,-11.29068,7.60649,1,BONGOR,Bongo,-11.2909754,7.6069409,1
1.0,East,2.0,KENEMA,7.0,KOYA,3.0,UPPER KOYA,4.0,UPPER KOYA NYANDEHUN,KOYA,NYANDEHUN,KOYA_UPPER KOYA,NYANDEHUN,Nyandehun,Nyandehun,-11.24684,7.60886,0,NYANDEHUN,Nyandehun,-11.246483,7.6088141,0
2.0,North ,5.0,TONKOLILI,7.0,KUNIKE BARINA,1.0,MASABA,1.0,MASABA MASABA,KONIKE BARINA,MASABA,KUNIKE BARINA_MASABA,MASABA,Masaba,Masaba,-11.65732,8.57426,0,MASABA,Masaba,-11.6574318,8.574156,0
2.0,North ,5.0,TONKOLILI,7.0,KUNIKE BARINA,2.0,MATHONKARA,2.0,MATHONKARA SECTION MAKONI LINE,KONIKE BARINA,MAKONI LINE,KUNIKE BARINA_MATHONKARA,MAKONI LINE,Makonte,Makonte,-11.61349,8.55805,5,MAKONI LINE,Makoni line,-11.574935,8.6393431,0
2.0,North ,5.0,TONKOLILI,7.0,KUNIKE BARINA,3.0,WONKIBOR,3.0,WONKIBOR MAPAMURIE,KONIKE BARINA,MAPAMURIE,KUNIKE BARINA_WONKIBOR,MAPAMURIE,Mapamuri,"Mamuri,Mapamuri",-11.56683,8.56349,1,MAPAMURIE,Makali,-11.6626154,8.6294125,5
2.0,North ,5.0,TONKOLILI,6.0,KUNIKE,1.0,ROLAL,1.0,MAMANSO,KONIKE SANDA,MAMANSO,KUNIKE_ROLAL,MAMANSO,Mamansu,Mamansu,-11.54855,8.71507,1,MAMANSO,Mamansu,-11.5485374,8.7157642,1
2.0,North ,5.0,TONKOLILI,6.0,KUNIKE,2.0,SANDA,1.0,MASHIAKA,KONIKE SANDA,MASHIAKA,KUNIKE_SANDA,MASHIAKA,Maseka,Maseka,-11.46564,8.59633,3,MASHIAKA,Masira,-11.4373673,8.6569958,3
2.0,North ,5.0,TONKOLILI,6.0,KUNIKE,3.0,SANDA,2.0,SECTION PATIFU LINE,KONIKE SANDA,PATIFU LINE,KUNIKE_SANDA,PATIFU LINE,Petifu-Chen,Petifu-Chen,-11.55211,8.61153,5,PATIFU LINE,Petifu Cheh,-11.5521107,8.6116864,5
2.0,North ,5.0,TONKOLILI,6.0,KUNIKE,4.0,THAMAH,1.0,FOTANE,KONIKE SANDA,FOTANE,KUNIKE_THAMAH,FOTANE,Fotane,"Fotane,Fotani",-11.43662,8.57266,0,FOTANE,Fotani,-11.4367445,8.5727734,1
2.0,North ,5.0,TONKOLILI,6.0,KUNIKE,5.0,THAMBAYA,1.0,FOTHANEH BANA,KONIKE SANDA,FOTHANEH BANA,KUNIKE_THAMBAYA,FOTHANEH BANA,Mankibana,Mankibana,-11.44893,8.67629,7,FOTHANEH BANA,Fothono Thama,-11.3831324,8.5727393,6
2.0,North ,5.0,TONKOLILI,6.0,KUNIKE,6.0,WANA,1.0,MAGBANABUM,KONIKE SANDA,MAGBANABUM,KUNIKE_WANA,MAGBANABUM,Magbanabum,Magbanabum,-11.49435,8.7966,0,MAGBANABUM,Magbanabum,-11.4950527,8.7950487,0
2.0,North ,5.0,TONKOLILI,6.0,KUNIKE,7.0,YENKEH,1.0,MABINEH 2,KONIKE SANDA,MABINEH 2,KUNIKE_YENKEH,MABINEH 2,Matenemoi,"Matenemoi,Matenomi",-11.50659,8.68258,5,MABINEH 2,Masingbi,-11.4737407,8.6376457,5
1.0,East,2.0,KENEMA,8.0,LANGRAMA,1.0,KORJEI,1.0,YABAIMA,LANGRAMA,YABAIMA,LANGRAMA_KORJEI,YABAIMA,Yabaima,Yabaima,-11.478,7.63965,0,YABAIMA,Yabaima,-11.477356,7.6401449,0
1.0,East,2.0,KENEMA,8.0,LANGRAMA,2.0,NJEIWOMA,1.0,WOYAMA,LANGRAMA,WOYAMA,LANGRAMA_NJEIWOMA,WOYAMA,Woyama,Woyama,-11.47396,7.69202,0,WOYAMA,Woyama,-11.4739905,7.6919223,0
2.0,North ,1.0,BOMBALI,5.0,LIBEISAYGAHUN,1.0,MAGBAINGBA,1.0,MAGBAINGBA,LIBEISAYGAHUN,MAGBAINGBA,LIBEISAYGAHUN_MAGBAINGBA,MAGBAINGBA,Magbengba,Magbengba,-12.32137,8.93778,2,MAGBAINGBA,Magbengba,-12.3213314,8.9383425,2
2.0,North ,1.0,BOMBALI,5.0,LIBEISAYGAHUN,2.0,MAGBANAMBA,1.0,GBONKONKA,LIBEISAYGAHUN,GBONKONKA,LIBEISAYGAHUN_MAGBANAMBA,GBONKONKA,Bongonga,Bongonga,-12.50293,9.03444,3,GBONKONKA,Batkanu,-12.4156869,9.0768074,6
2.0,North ,1.0,BOMBALI,5.0,LIBEISAYGAHUN,3.0,MANDAWAHUN,1.0,MATOTO,LIBEISAYGAHUN,MATOTO,LIBEISAYGAHUN_MANDAWAHUN,MATOTO,Matoke,Matoke,-12.34293,8.87475,2,MATOTO,Matwa,-12.2858988,8.9561078,3
2.0,North ,1.0,BOMBALI,5.0,LIBEISAYGAHUN,4.0,ROTHATHA,1.0,KAIMUNDAY,LIBEISAYGAHUN,KAIMUNDAY,LIBEISAYGAHUN_ROTHATHA,KAIMUNDAY,Mamonda,Mamonda,-12.36976,8.95393,4,KAIMUNDAY,Mamonda,-12.366499,8.9539834,4
1.0,East,2.0,KENEMA,9.0,LOWER BAMBARA,1.0,BONYA,1.0,BONYA PELEWAHUN,LOWER BAMBARA,PELEWAHUN,LOWER BAMBARA_BONYA,PELEWAHUN,Fulawahun,Fulawahun,-11.12358,8.11681,3,PELEWAHUN,Pelewahun,-11.0617786,8.3329576,0
1.0,East,2.0,KENEMA,9.0,LOWER BAMBARA,1.0,BONYA,2.0,BONYA SAAMA,LOWER BAMBARA,SAAMA,LOWER BAMBARA_BONYA,SAAMA,Sabama,Sabama,-11.00741,8.27926,1,SAAMA,Sabama,-11.0070557,8.2800461,1
1.0,East,2.0,KENEMA,9.0,LOWER BAMBARA,2.0,GBOO,3.0,GBOO KOMENDE LUYAMA,LOWER BAMBARA,KOMENDE LUYAMA,LOWER BAMBARA_GBOO,KOMENDE LUYAMA,Komende Luyama,"Komende,Komende Luyama",-11.00765,7.98312,0,KOMENDE LUYAMA,Komende Luyama,-11.0073715,7.9837354,0
1.0,East,2.0,KENEMA,9.0,LOWER BAMBARA,3.0,GBORO,4.0,GBORO KONIA KPINDIMA,LOWER BAMBARA,KONIA KPINDIMA,LOWER BAMBARA_GBORO,KONIA KPINDIMA,Konagiima,Konagiima,-11.07922,8.05867,6,KONIA KPINDIMA,Banda Bulima,-11.0282634,8.2849654,8
1.0,East,2.0,KENEMA,9.0,LOWER BAMBARA,4.0,KORJEI NGIEYA,5.0,KORJEI NGIEYA KAMBOMA OLD TOWN,LOWER BAMBARA,KAMBOMA OLD,LOWER BAMBARA_KORJEI NGIEYA,KAMBOMA OLD,Komboma,Komboma,-11.04031,8.24423,5,KAMBOMA OLD,Mamboma,-11.0595584,8.1617466,5
1.0,East,2.0,KENEMA,9.0,LOWER BAMBARA,2.0,NYAWA,6.0,NYAWA NJAGBAHUN,LOWER BAMBARA,NJAGBAHUN,LOWER BAMBARA_NYAWA,NJAGBAHUN,Jagbahun,Jagbahun,-11.06053,8.25149,1,NJAGBAHUN,Dagbahun,-11.060801,8.2509138,2
1.0,East,2.0,KENEMA,9.0,LOWER BAMBARA,2.0,NYAWA,7.0,NYAWA SEMEWABU,LOWER BAMBARA,SEMEWABU,LOWER BAMBARA_NYAWA,SEMEWABU,Semiwabu,Semiwabu,-11.05183,8.19991,1,SEMEWABU,Simbabu,-11.0437952,8.1170169,3
3.0,South ,1.0,BO,11.0,LUGBU,1.0,GAO,1.0,BONTIWO,LUGBU,BONTIWO,LUGBU_GAO,BONTIWO,Bontiwo,"Bontiwo,Bontiworo",-11.81455,7.68085,0,BONTIWO,Bontiworo,-11.8143122,7.6810885,2
3.0,South ,1.0,BO,11.0,LUGBU,1.0,GAO,2.0,UPPER SAAMA,LUGBU,UPPER SAAMA,LUGBU_GAO,UPPER SAAMA,Upper Saama,"Saama,Upper Saama",-11.85948,7.66712,0,UPPER SAAMA,Upper Saama,-11.8593626,7.6667114,0
3.0,South ,1.0,BO,11.0,LUGBU,2.0,KAMBA,1.0,FEIBA,LUGBU,FEIBA,LUGBU_KAMBA,FEIBA,Feba,"Feba,Febana,Febena",-11.92247,7.68386,1,FEIBA,Bamba,-11.9310733,7.6283102,3
3.0,South ,1.0,BO,11.0,LUGBU,2.0,KAMBA,2.0,YAMBAMA,LUGBU,YAMBAMA,LUGBU_KAMBA,YAMBAMA,Yambama,"Yambama,Yameama,Yamoama",-11.89528,7.65444,0,YAMBAMA,Yameama,-11.8939826,7.6533887,1
3.0,South ,1.0,BO,11.0,LUGBU,3.0,MAGBAO,1.0,HIMA,LUGBU,HIMA,LUGBU_MAGBAO,HIMA,Hima,Hima,-11.90102,7.73979,0,HIMA,Hima,-11.9017226,7.7391402,0
3.0,South ,1.0,BO,11.0,LUGBU,3.0,MAGBAO,2.0,KARLEH,LUGBU,KARLEH,LUGBU_MAGBAO,KARLEH,Kale,Kale,-11.85185,7.72063,2,KARLEH,Kale,-11.85132,7.7200313,2
3.0,South ,1.0,BO,11.0,LUGBU,4.0,YORMA,1.0,KPETEWOMA LUGBU,LUGBU,KPETEWOMA LUGBU,LUGBU_YORMA,KPETEWOMA LUGBU,Kpetewoma,"Kpetewoma,Patewoma,Petewoma",-11.81555,7.73211,6,KPETEWOMA LUGBU,Petewoma,-11.8160698,7.7303733,7
2.0,North ,1.0,BOMBALI,6.0,MAGBAIMBA NDORH,0.0,HUNDUWA,1.0,HUNDUWA HUNDUWA,MAGBAIMBA NDORH,HUNDUWA,MAGBAIMBA NDORH_HUNDUWA,NA,NA,NA,NA,NA,NA,NA,NA,NA,NA,NA
2.0,North ,1.0,BOMBALI,7.0,MAKARI GBANTI,1.0,MABANTA,1.0,MABANTA KUNSHO,MAKARI GBANTI,KUNSHO,MAKARI GBANTI_MABANTA,KUNSHO,Kunshu,Kunshu,-12.07725,8.95159,1,KUNSHO,Kunshu,-12.0771454,8.9515212,1
2.0,North ,1.0,BOMBALI,7.0,MAKARI GBANTI,2.0,MANGAY,2.0,MANGAY MANGAY LOKO,MAKARI GBANTI,LOKO,MAKARI GBANTI_MANGAY,LOKO,Matoko,Matoko,-12.13676,8.90353,3,LOKO,Laia,-12.1145028,8.8497131,3
2.0,North ,1.0,BOMBALI,7.0,MAKARI GBANTI,3.0,MANKENE,3.0,MANKENE MAKARI,MAKARI GBANTI,MAKARI,MAKARI GBANTI_MANKENE,MAKARI,Makari,Makari,-12.12524,8.86806,0,MAKARI,Makari,-12.1256,8.86762,0
2.0,North ,1.0,BOMBALI,7.0,MAKARI GBANTI,4.0,MASONGBO,4.0,MASONGBO FULLAH TOWN 1,MAKARI GBANTI,FULLAH  1,MAKARI GBANTI_MASONGBO,FULLAH  1,Panlap,Panlap,-12.03019,8.9179,7,FULLAH  1,Panlap,-12.0303,8.91908,7
2.0,North ,1.0,BOMBALI,7.0,MAKARI GBANTI,4.0,MASONGBO,5.0,MASONGBO KEREFAY LOKO,MAKARI GBANTI,KEREFAY LOKO,MAKARI GBANTI_MASONGBO,KEREFAY LOKO,Matoko,Matoko,-12.13676,8.90353,8,KEREFAY LOKO,Kolisoko,-12.1975418,8.7679561,8
2.0,North ,1.0,BOMBALI,7.0,MAKARI GBANTI,5.0,ROSINT,6.0,ROSINT PANLAP,MAKARI GBANTI,PANLAP,MAKARI GBANTI_ROSINT,PANLAP,Panlap,Panlap,-12.03019,8.9179,0,PANLAP,Panlap,-12.0303,8.91908,0
2.0,North ,1.0,BOMBALI,7.0,MAKARI GBANTI,6.0,TONKOBA,7.0,TONKOBA MABAIKULI,MAKARI GBANTI,MABAIKULI,MAKARI GBANTI_TONKOBA,MABAIKULI,Mabaio,Mabaio,-12.12932,8.93997,4,MABAIKULI,Mabaio,-12.1280411,8.938518,4
2.0,North ,1.0,BOMBALI,7.0,MAKARI GBANTI,6.0,TONKOBA,8.0,TONKOBA TONKOMBA,MAKARI GBANTI,TONKOMBA,MAKARI GBANTI_TONKOBA,TONKOMBA,Tongkomba,Tongkomba,-12.2649,8.86448,1,TONKOMBA,Tongkomba,-12.2677611,8.8745859,1
2.0,North ,1.0,BOMBALI,7.0,MAKARI GBANTI,7.0,YAINKASSA,9.0,YANIKASSA KOLISOKOH,MAKARI GBANTI,YANIKASSA KOLISOKOH,MAKARI GBANTI_YAINKASSA,YANIKASSA KOLISOKOH,Kolisoko,"Kaisoko,Kolisoko",-12.19735,8.76861,11,YANIKASSA KOLISOKOH,Kolisoko,-12.1975418,8.7679561,11
2.0,North ,1.0,BOMBALI,7.0,MAKARI GBANTI,7.0,YAINKASSA,10.0,YANIKASSA YANKASSA,MAKARI GBANTI,YANIKASSA YANKASSA,MAKARI GBANTI_YAINKASSA,YANIKASSA YANKASSA,Mayankan,Mayankan,-12.01735,8.85237,12,YANIKASSA YANKASSA,Mankane,-12.0323532,8.9074212,13
2.0,North ,1.0,BOMBALI,8.0,MAKENI TOWN,1.0,MASUBA,4.0,MASUBA FODAY LANE,BOMBALI SEBORA,FODAY LANE,MAKENI TOWN_MASUBA,FODAY LANE,Mankane,Mankane,-12.06589,8.85314,6,FODAY LANE,Mankane,-12.06586,8.8530056,6
2.0,North ,1.0,BOMBALI,8.0,MAKENI TOWN,2.0,STOCCO,5.0,STOCCO STOCCO,BOMBALI SEBORA,STOCCO,MAKENI TOWN_STOCCO,STOCCO,Tuma,Tuma,-12.06777,8.7045,5,STOCCO,Sowlia,-12.0017,8.93331,5
2.0,North ,5.0,TONKOLILI,8.0,MALAL MARA,1.0,KIAMP KAKOLO,1.0,KAIMPKAKOLO KAIMPKAKOLO,MALAL MARA,KAIMPKAKOLO KAIMPKAKOLO,MALAL MARA_KIAMP KAKOLO,KAIMPKAKOLO KAIMPKAKOLO,Makobabana,Makobabana,-12.31812,8.61042,17,KAIMPKAKOLO KAIMPKAKOLO,Makobabana,-12.3180962,8.6095709,17
2.0,North ,5.0,TONKOLILI,8.0,MALAL MARA,2.0,MAKOBA,2.0,MAKOBA SECTION MAKOBA BANA,MALAL MARA,BANA,MALAL MARA_MAKOBA,BANA,Bina,Bina,-12.3568,8.64087,1,BANA,Bina,-12.3567563,8.6406549,1
2.0,North ,5.0,TONKOLILI,8.0,MALAL MARA,2.0,MAKOBA,3.0,MAKOBA SECTION ROBINA,MALAL MARA,ROBINA,MALAL MARA_MAKOBA,ROBINA,Robun,Robun,-12.24301,8.67667,2,ROBINA,Bina,-12.3567563,8.6406549,2
2.0,North ,5.0,TONKOLILI,8.0,MALAL MARA,3.0,MANEWA,4.0,MANEWA MANEWA,MALAL MARA,MANEWA,MALAL MARA_MANEWA,MANEWA,Masuba,Masuba,-12.26385,8.6345,3,MANEWA,Madura,-12.2296572,8.6453212,3
2.0,North ,5.0,TONKOLILI,8.0,MALAL MARA,4.0,MARA,5.0,MARA MARA,MALAL MARA,MARA,MALAL MARA_MARA,MARA,Mara,Mara,-12.24385,8.66372,0,MARA,Mara,-12.2452671,8.6635935,0
2.0,North ,5.0,TONKOLILI,8.0,MALAL MARA,5.0,ROCHEN,6.0,ROCHAIN SECTION ROCHAIN MALAL,MALAL MARA,ROCHAIN  ROCHAIN MALAL,MALAL MARA_ROCHEN,ROCHAIN  ROCHAIN MALAL,Malal Mara,NA,-12.24888,8.66583,16,ROCHAIN  ROCHAIN MALAL,Rokonla,-12.3002842,8.699703,16
1.0,East,2.0,KENEMA,10.0,MALEGOHUN,1.0,HULORHUN NJEIGOR,1.0,BENDUMA,MALEGOHUN,BENDUMA,MALEGOHUN_HULORHUN NJEIGOR,BENDUMA,Benduma,Benduma,-10.89029,8.23255,0,BENDUMA,Benduma,-10.8903317,8.2322245,0
1.0,East,2.0,KENEMA,10.0,MALEGOHUN,2.0,KOJOR NGAGAU,1.0,NGAGAU HELEGOMBU,MALEGOHUN,NGAGAU HELEGOMBU,MALEGOHUN_KOJOR NGAGAU,NGAGAU HELEGOMBU,Malegohun,NA,-10.92511,8.1522,11,NGAGAU HELEGOMBU,Masalu,-10.9376826,8.1183486,12
3.0,South ,1.0,BO,12.0,NIAWA LENGA,1.0,BAIMBA,1.0,BAIMBA KORBU,NIAWA LENGA,KORBU,NIAWA LENGA_BAIMBA,KORBU,Kobu,Kobu,-11.67583,8.06483,1,KORBU,Kobu,-11.6759115,8.0648898,1
3.0,South ,1.0,BO,12.0,NIAWA LENGA,2.0,UPPER NIAWA,2.0,UPPER NIAWA NGOGBEBU VILLAGE,NIAWA LENGA,NGOGBEBU,NIAWA LENGA_UPPER NIAWA,NGOGBEBU,Gogbebu,"Gabweba,Gobwebu,Gogbebu",-11.55074,8.21524,1,NGOGBEBU,Negbema,-11.6573525,8.1281389,4
1.0,East,2.0,KENEMA,11.0,NIAWA,1.0,KAGBLAWO,1.0,BANDAWOR,NIAWA,BANDAWOR,NIAWA_KAGBLAWO,BANDAWOR,Gbandawo,Gbandawo,-11.36621,7.76263,2,BANDAWOR,Gbandawo,-11.3659674,7.7629061,2
1.0,East,2.0,KENEMA,11.0,NIAWA,2.0,MABONDOR,1.0,GANDOHUN,NIAWA,GANDOHUN,NIAWA_MABONDOR,GANDOHUN,Nyandehun,"Nyandehun,Senehun",-11.36035,7.72141,3,GANDOHUN,Nyandehun,-11.3603708,7.72166,3
1.0,East,2.0,KENEMA,12.0,NOMO,1.0,FAAMA,1.0,FAAMA,NOMO,FAAMA,NOMO_FAAMA,FAAMA,Faiama,"Eaiama,Faiama",-10.99785,7.5254,1,FAAMA,Faiama,-10.9974735,7.5255739,1
1.0,East,2.0,KENEMA,13.0,NONGOWA,1.0,DAGBANYA,1.0,JORMU,NONGOWA,JORMU,NONGOWA_DAGBANYA,JORMU,Jomu,Jomu,-11.05074,7.94971,1,JORMU,Jomu,-11.0501763,7.9488019,1
1.0,East,2.0,KENEMA,13.0,NONGOWA,1.0,DAGBANYA,2.0,KONABU,NONGOWA,KONABU,NONGOWA_DAGBANYA,KONABU,Konabu,Konabu,-11.10446,7.89431,0,KONABU,Konabu,-11.1038142,7.894515,0
1.0,East,2.0,KENEMA,13.0,NONGOWA,2.0,DAGBANYA,3.0,SECTION POTEHUN,NONGOWA,POTEHUN,NONGOWA_DAGBANYA,POTEHUN,Putahun,Putahun,-11.07425,7.96628,2,POTEHUN,Putahun,-11.0738906,7.966289,2
1.0,East,2.0,KENEMA,13.0,NONGOWA,3.0,KAGBADO KAMBOIMA,1.0,KAMBOIMA PANDERU,NONGOWA,KAMBOIMA PANDERU,NONGOWA_KAGBADO KAMBOIMA,KAMBOIMA PANDERU,Kamboiyabu,Kamboiyabu,-11.21737,7.837,8,KAMBOIMA PANDERU,Panderu,-11.136389,7.959722,9
1.0,East,2.0,KENEMA,13.0,NONGOWA,4.0,KONA FOIYA,2.0,FOIYA VAAHUN,NONGOWA,FOIYA VAAHUN,NONGOWA_KONA FOIYA,FOIYA VAAHUN,Fulawahun,Fulawahun,-11.17834,7.84289,6,FOIYA VAAHUN,Taninahun,-11.0993833,8.0109293,7
1.0,East,2.0,KENEMA,13.0,NONGOWA,5.0,KONA FOIYA,1.0,FOIYA SECTION KOMENDE,NONGOWA,FOIYA  KOMENDE,NONGOWA_KONA FOIYA,FOIYA  KOMENDE,Komende,Komende,-11.22952,7.87683,7,FOIYA  KOMENDE,Foya,-11.1317481,7.8931043,10
1.0,East,2.0,KENEMA,13.0,NONGOWA,6.0,KONA KPINDIBU,1.0,NIAHUN BUIMA,NONGOWA,NIAHUN BUIMA,NONGOWA_KONA KPINDIBU,NIAHUN BUIMA,Gnanyahun Bulima,"Gnanyahun Bulima,Naiahun",-11.10465,7.98847,5,NIAHUN BUIMA,Gnanyahun Bulima,-11.1040187,7.9889635,5
2.0,North ,1.0,BOMBALI,9.0,PAKI MASABONG,1.0,KATHANTHAN,1.0,KATHATHABANA KATHATHABANA,PAKI MASABONG,KATHATHABANA KATHATHABANA,PAKI MASABONG_KATHANTHAN,KATHATHABANA KATHATHABANA,Mabanta,Mabanta,-11.93268,8.82594,19,KATHATHABANA KATHATHABANA,Mamuna-Bana,-11.9842882,8.7084142,18
2.0,North ,1.0,BOMBALI,9.0,PAKI MASABONG,2.0,MASABONG,2.0,MASABONG MAKENI,PAKI MASABONG,MAKENI,PAKI MASABONG_MASABONG,MAKENI,Makeni,"Makem,Makeni",-11.99895,8.73977,0,MAKENI,Makeni,-11.9989433,8.7397362,0
2.0,North ,1.0,BOMBALI,9.0,PAKI MASABONG,3.0,ROSANDA,3.0,ROSANDA MASINGBI LOL,PAKI MASABONG,MASINGBI LOL,PAKI MASABONG_ROSANDA,MASINGBI LOL,Masingbi,Masingbi,-11.95171,8.78197,4,MASINGBI LOL,Masingbi,-11.9517811,8.7818556,4
2.0,North ,1.0,BOMBALI,10.0,SAFROKO LIMBA,1.0,BINKOLO,1.0,BINKOLO KABOMBEH VILLAGE,SAFROKO LIMBA,KABOMBEH,SAFROKO LIMBA_BINKOLO,KABOMBEH,Kabonka,"Kabonka,Kabonke",-11.91243,9.00195,4,KABOMBEH,Kabonka,-11.9121099,9.0019153,4
2.0,North ,1.0,BOMBALI,10.0,SAFROKO LIMBA,1.0,BINKOLO,2.0,BINKOLO MABONKANI JUNCTION,SAFROKO LIMBA,MABONKANI JUNCTION,SAFROKO LIMBA_BINKOLO,MABONKANI JUNCTION,Mabonkai,Mabonkai,-11.95445,8.99852,10,MABONKANI JUNCTION,Mabonkai,-11.8825648,8.9218326,10
2.0,North ,1.0,BOMBALI,10.0,SAFROKO LIMBA,2.0,KAGBO,3.0,KAGBO KAGBO,SAFROKO LIMBA,KAGBO,SAFROKO LIMBA_KAGBO,KAGBO,Kagbo,Kagbo,-11.8407,9.05311,0,KAGBO,Kagbo,-11.8379065,9.0558969,0
2.0,North ,1.0,BOMBALI,10.0,SAFROKO LIMBA,2.0,KAGBO,4.0,KAGBO MASELLEH,SAFROKO LIMBA,MASELLEH,SAFROKO LIMBA_KAGBO,MASELLEH,Masena,Masena,-11.76413,9.05704,4,MASELLEH,Mankoreh,-11.9704411,8.9199765,4
2.0,North ,1.0,BOMBALI,10.0,SAFROKO LIMBA,3.0,KAYASSI,6.0,KAYASIE BINKOLO JUNCTION BUMBUNA HIGHWAY,SAFROKO LIMBA,KAYASIE BINKOLO JUNCTION BUMBUNA HIGHWAY,SAFROKO LIMBA_KAYASSI,KAYASIE BINKOLO JUNCTION BUMBUNA HIGHWAY,Safroko Limba Chiefdom,"Safroko Limba,Safroko Limba Chiefdom",-11.92801,8.98009,30,KAYASIE BINKOLO JUNCTION BUMBUNA HIGHWAY,Binkolo,-11.9779353,8.9533154,33
2.0,North ,1.0,BOMBALI,10.0,SAFROKO LIMBA,4.0,MABAMBA,7.0,MABAMBA BINKOLO JUNCTION,SAFROKO LIMBA,BINKOLO JUNCTION,SAFROKO LIMBA_MABAMBA,BINKOLO JUNCTION,Binkolo,Binkolo,-11.98029,8.95225,9,BINKOLO JUNCTION,Binkolo,-11.9779353,8.9533154,9
2.0,North ,5.0,TONKOLILI,9.0,SAMBAYA,1.0,BOROWAH,1.0,BOROWAH KUNYA,SAMBAYA,KUNYA,SAMBAYA_BOROWAH,NA,NA,NA,NA,NA,NA,NA,NA,NA,NA,NA
2.0,North ,5.0,TONKOLILI,9.0,SAMBAYA,2.0,BUYAN,2.0,BUYAN DANKAWALIA,SAMBAYA,DANKAWALIA,SAMBAYA_BUYAN,NA,NA,NA,NA,NA,NA,NA,NA,NA,NA,NA
2.0,North ,5.0,TONKOLILI,9.0,SAMBAYA,3.0,DAYIE,3.0,DAYIE KULIFAGA,SAMBAYA,KULIFAGA,SAMBAYA_DAYIE,NA,NA,NA,NA,NA,NA,NA,NA,NA,NA,NA
2.0,North ,1.0,BOMBALI,11.0,SANDA LOKO,1.0,MAHARIBO,1.0,MAHARIBO MAHARIBO,SANDA LOKO,MAHARIBO,SANDA LOKO_MAHARIBO,MAHARIBO,Maharibu,Maharibu,-12.14945,9.39216,1,MAHARIBO,Mabaine,-12.0185534,9.3903763,4
2.0,North ,1.0,BOMBALI,11.0,SANDA LOKO,2.0,MAKAPA,2.0,MAKAPA MADINA FULLAH,SANDA LOKO,MADINA FULLAH,SANDA LOKO_MAKAPA,MADINA FULLAH,Madina,Madina,-12.02139,9.46812,7,MADINA FULLAH,Madina,-12.0210238,9.4684577,7
2.0,North ,1.0,BOMBALI,12.0,SANDA TENDARAN,1.0,ROGBIN,1.0,ROGBIN ROGBIN,SANDA TENDAREN,ROGBIN,SANDA TENDARAN_ROGBIN,ROGBIN,Robis,Robis,-12.46338,9.12426,2,ROGBIN,Funkin,-12.45,9.1,4
2.0,North ,1.0,BOMBALI,12.0,SANDA TENDARAN,2.0,YANKABALA,2.0,YANKABALA MANACK KAYONGHBOH,SANDA TENDAREN,MANACK KAYONGHBOH,SANDA TENDARAN_YANKABALA,MANACK KAYONGHBOH,Masaktaba,Masaktaba,-12.21016,9.23634,11,MANACK KAYONGHBOH,Masaktaba,-12.2107524,9.2376989,11
3.0,South ,1.0,BO,13.0,SELENGA,1.0,KADUAWO,1.0,GBANGBA,SELENGA,GBANGBA,SELENGA_KADUAWO,GBANGBA,Bangba,Bangba,-11.75841,8.12131,1,GBANGBA,Bangba,-11.7574894,8.1214997,1
2.0,North ,1.0,BOMBALI,13.0,SELLA LIMBA,1.0,KAMAKWIE,5.0,KAMAKWIE KAMAKWIE,SELLA LIMBA,KAMAKWIE,SELLA LIMBA_KAMAKWIE,KAMAKWIE,Kamakwie,"Kamakwie,Makwi,Makwie",-12.24061,9.49689,0,KAMAKWIE,Kamakwie,-12.2412521,9.496301,0
2.0,North ,1.0,BOMBALI,13.0,SELLA LIMBA,2.0,MAGBONKONI II,8.0,MAGBONKONIE 2 KAMABAIO,SELLA LIMBA,MAGBONKONIE 2 KAMABAIO,SELLA LIMBA_MAGBONKONI II,MAGBONKONIE 2 KAMABAIO,Magbenkere,Magbenkere,-12.2845,9.54971,15,MAGBONKONIE 2 KAMABAIO,Gbonko,-12.2166152,9.4606179,16
2.0,North ,1.0,BOMBALI,13.0,SELLA LIMBA,3.0,MAMANKOH,9.0,MAMANKOH KAPONKIE,SELLA LIMBA,KAPONKIE,SELLA LIMBA_MAMANKOH,KAPONKIE,Ponki,Ponki,-12.28763,9.51755,3,KAPONKIE,Kamakwie,-12.2412521,9.496301,4
2.0,North ,1.0,BOMBALI,13.0,SELLA LIMBA,4.0,SAMIA,10.0,SAMIYA SAMIYA,SELLA LIMBA,SAMIYA SAMIYA,SELLA LIMBA_SAMIA,SAMIYA SAMIYA,Mabansama,Mabansama,-12.21205,9.57558,7,SAMIYA SAMIYA,Kamakwie,-12.2412521,9.496301,9
1.0,East,2.0,KENEMA,14.0,SIMBARU,0.0,BUNDORYAMA,1.0,GBANGEIMA,SIMBARU,GBANGEIMA,SIMBARU_BUNDORYAMA,GBANGEIMA,Bangeima,"Bangeima,Bunjema",-11.30501,8.17307,1,GBANGEIMA,Gangama,-11.2845304,8.1019151,3
1.0,East,2.0,KENEMA,15.0,SMALL BO,1.0,FALLAY,1.0,FALLAY BLAMA,SMALL BO,BLAMA,SMALL BO_FALLAY,BLAMA,Blama,Blama,-11.34548,7.87481,0,BLAMA,Blama,-11.3448069,7.8741655,0
1.0,East,2.0,KENEMA,15.0,SMALL BO,2.0,GOLAMA,2.0,GOLAMA DOWOJU,SMALL BO,DOWOJU,SMALL BO_GOLAMA,DOWOJU,Bobobu,Bobobu,-11.41451,7.8737,3,DOWOJU,Bobobu,-11.4145229,7.8737465,3
1.0,East,2.0,KENEMA,15.0,SMALL BO,3.0,KAMBOMA,3.0,KAMBOMA SERABU,SMALL BO,SERABU,SMALL BO_KAMBOMA,SERABU,Serabu,"Serabu,Silabu,Sirabu",-11.28752,7.85338,0,SERABU,Serabu,-11.2873845,7.853564,0
1.0,East,2.0,KENEMA,15.0,SMALL BO,2.0,NYAWA,4.0,NYAWA NYANGBEBO MCHP,SMALL BO,NYANGBEBO MCHP,SMALL BO_NYAWA,NYANGBEBO MCHP,Nongoba,Nongoba,-11.34052,7.95259,10,NYANGBEBO MCHP,Nongoba,-11.3403017,7.9527671,10
1.0,East,2.0,KENEMA,15.0,SMALL BO,5.0,SOWA,5.0,SOWA NGELEHUN,SMALL BO,NGELEHUN,SMALL BO_SOWA,NGELEHUN,Gelehun,"Gelehun,Gerehun",-11.40015,7.89557,1,NGELEHUN,Gelehun,-11.3917198,7.8978067,1
2.0,North ,1.0,BOMBALI,14.0,TAMBAKHA,1.0,SIMIBUE,1.0,SAMAYA,TAMBAKHA,SAMAYA,TAMBAKHA_SIMIBUE,SAMAYA,Samaia,Samaia,-12.39481,9.51257,1,SAMAYA,Samaia,-12.3946984,9.5120105,1
2.0,North ,1.0,BOMBALI,14.0,TAMBAKHA,2.0,THALLA,1.0,SANYA,TAMBAKHA,SANYA,TAMBAKHA_THALLA,SANYA,Sainya,Sainya,-12.37861,9.83843,1,SANYA,Ganya,-12.2377022,9.8974897,1
2.0,North ,5.0,TONKOLILI,10.0,TANE,1.0,MAKRUGBEH,1.0,MAKRUGBEH,TANE,MAKRUGBEH,TANE_MAKRUGBEH,MAKRUGBEH,Makrugbe,Makrugbe,-11.81014,8.64598,1,MAKRUGBEH,Makrugbe,-11.8121072,8.6480329,1
2.0,North ,5.0,TONKOLILI,10.0,TANE,1.0,MAKRUGBEH,2.0,MASANKORO,TANE,MASANKORO,TANE_MAKRUGBEH,MASANKORO,Masankoro,Masankoro,-11.77016,8.66537,0,MASANKORO,Masankoro,-11.7703665,8.665556,0
2.0,North ,5.0,TONKOLILI,10.0,TANE,2.0,MANGE-BANA,1.0,BANA ROSENGBEH,TANE,BANA ROSENGBEH,TANE_MANGE-BANA,BANA ROSENGBEH,Makrugbe,Makrugbe,-11.81014,8.64598,9,BANA ROSENGBEH,Makrugbe,-11.8121072,8.6480329,9
2.0,North ,5.0,TONKOLILI,10.0,TANE,3.0,MAPAKIE,1.0,MATHUFULIE,TANE,MATHUFULIE,TANE_MAPAKIE,MATHUFULIE,Matufuri,Matufuri,-11.90294,8.63548,3,MATHUFULIE,Matufuri,-11.9023742,8.6356513,3
2.0,North ,5.0,TONKOLILI,10.0,TANE,4.0,MATHUNKARA,1.0,MATHUNKARA,TANE,MATHUNKARA,TANE_MATHUNKARA,MATHUNKARA,Matunkara,Matunkara,-11.81355,8.75558,1,MATHUNKARA,Matunkara,-11.8134482,8.7542962,1
2.0,North ,5.0,TONKOLILI,10.0,TANE,3.0,MATOTOKA,1.0,MAKONA,TANE,MAKONA,TANE_MATOTOKA,MAKONA,Makona,Makona,-11.83932,8.6278,0,MAKONA,Makona,-11.8392712,8.6277863,0
3.0,South ,1.0,BO,14.0,TIKONKO,1.0,BAINYAWA,1.0,GRIEMA,TIKONKO,GRIEMA,TIKONKO_BAINYAWA,GRIEMA,Grima,Grima,-11.73977,7.69429,1,GRIEMA,Grima,-11.7389782,7.6944332,1
3.0,South ,1.0,BO,14.0,TIKONKO,2.0,MAMBAWA,1.0,KASSAMA,TIKONKO,KASSAMA,TIKONKO_MAMBAWA,KASSAMA,Kasama,Kasama,-11.82999,7.79352,1,KASSAMA,Kassama,-11.831993,7.7921947,0
3.0,South ,1.0,BO,14.0,TIKONKO,3.0,NGOLAMAJIE,1.0,MATRU ON THE RAIL,TIKONKO,MATRU ON THE RAIL,TIKONKO_NGOLAMAJIE,MATRU ON THE RAIL,Mattru,"Matru,Mattr,Mattru",-11.79028,7.94667,12,MATRU ON THE RAIL,Matru,-11.7900246,7.9473193,12
3.0,South ,1.0,BO,14.0,TIKONKO,4.0,SENDEH,1.0,SEMBEHUN,TIKONKO,SEMBEHUN,TIKONKO_SENDEH,SEMBEHUN,Sembehun,Sembehun,-11.72637,7.88898,0,SEMBEHUN,Sembehun,-11.7252812,7.7782826,0
1.0,East,2.0,KENEMA,16.0,TUNKIA,3.0,GIEWOMA,1.0,FAIMA,TUNKIA,FAIMA,TUNKIA_GIEWOMA,FAIMA,Vaama,Vaama,-11.19262,7.4299,2,FAIMA,Laoma,-11.0307941,7.5462752,2
1.0,East,2.0,KENEMA,16.0,TUNKIA,3.0,GIEWOMA,2.0,NGIEWAHUN,TUNKIA,NGIEWAHUN,TUNKIA_GIEWOMA,NGIEWAHUN,Giewahun,Giewahun,-11.20071,7.60762,1,NGIEWAHUN,Giewahun,-11.1252881,7.5942956,1
1.0,East,2.0,KENEMA,16.0,TUNKIA,1.0,JEWAHUN,1.0,JAO,TUNKIA,JAO,TUNKIA_JEWAHUN,JAO,Mano,Mano,-11.09684,7.52172,2,JAO,Jawe,-11.1448108,7.6139455,2
1.0,East,2.0,KENEMA,16.0,TUNKIA,2.0,KUAWUMA,1.0,MANO JEIGBLA,TUNKIA,MANO JEIGBLA,TUNKIA_KUAWUMA,MANO JEIGBLA,Kanela,Kanela,-11.18502,7.46909,7,MANO JEIGBLA,Mano,-11.0959634,7.5216948,8
3.0,South ,1.0,BO,15.0,VALUNIA,1.0,DIA,1.0,KPEWAMA,VALUNIA,KPEWAMA,VALUNIA_DIA,KPEWAMA,Kpetema,"Kpetema,Petema",-11.61743,8.21996,2,KPEWAMA,Gbewama,-11.5518196,8.3335174,2
3.0,South ,1.0,BO,15.0,VALUNIA,2.0,LUNIA,1.0,GRIMA,VALUNIA,GRIMA,VALUNIA_LUNIA,GRIMA,Geima,Geima,-11.6908,8.23263,1,GRIMA,Giema,-11.6756165,8.2539283,2
3.0,South ,1.0,BO,15.0,VALUNIA,3.0,NGOVO,1.0,KPUABU,VALUNIA,KPUABU,VALUNIA_NGOVO,KPUABU,Semabu,Semabu,-11.55856,8.39038,3,KPUABU,Semabu,-11.5584619,8.3904283,3
3.0,South ,1.0,BO,15.0,VALUNIA,4.0,SEI,1.0,FOYA VILLAGE,VALUNIA,FOYA,VALUNIA_SEI,FOYA,Foya,Foya,-11.59822,8.28631,0,FOYA,Foya,-11.5982667,8.286013,0
3.0,South ,1.0,BO,15.0,VALUNIA,5.0,YARLENGA,1.0,NGOLAHUN JABATI,VALUNIA,NGOLAHUN JABATI,VALUNIA_YARLENGA,NGOLAHUN JABATI,Gorahun,Gorahun,-11.59875,8.22172,9,NGOLAHUN JABATI,Gorahun,-11.5987737,8.2215747,9
1.0,East,2.0,KENEMA,17.0,WANDOR,1.0,GBOGBEIMA,1.0,BAMBARA,WANDOR,BAMBARA,WANDOR_GBOGBEIMA,BAMBARA,Bambara,Bambara,-11.34533,8.3165,0,BAMBARA,Bambara,-11.346071,8.3169606,0
1.0,East,2.0,KENEMA,17.0,WANDOR,2.0,SONGHAI,1.0,FAALA CHP,WANDOR,FAALA CHP,WANDOR_SONGHAI,FAALA CHP,Falla,"Fala,Falla",-11.3795,8.28132,5,FAALA CHP,Fala,-11.3796373,8.2820324,5
1.0,East,2.0,KENEMA,17.0,WANDOR,2.0,SONGHAI,2.0,GENDEMA,WANDOR,GENDEMA,WANDOR_SONGHAI,GENDEMA,Gendema,Gendema,-11.34734,8.23275,0,GENDEMA,Gendema,-11.3472588,8.2329135,0
3.0,South ,1.0,BO,16.0,WONDE,1.0,KAGOI,1.0,KAMBAWAMA,WUNDE,KAMBAWAMA,WONDE_KAGOI,KAMBAWAMA,Jagbwema,"Gombu,Gumbu,Jagbwema",-11.7043,7.61798,4,KAMBAWAMA,Kpuawala,-11.4499067,7.7428457,4
3.0,South ,1.0,BO,16.0,WONDE,2.0,LOWER KARGOI,2.0,KAGOI BATHURST,WUNDE,KAGOI BATHURST,WONDE_LOWER KARGOI,KAGOI BATHURST,Gombahun,"Gomahun,Gombahun",-11.64444,7.55677,8,KAGOI BATHURST,Bathurst,-11.6723955,7.6342172,6
3.0,South ,1.0,BO,16.0,WONDE,3.0,MANYEH,1.0,FANIMA,WUNDE,FANIMA,WONDE_MANYEH,FANIMA,Fanima,Fanima,-11.52798,7.70133,0,FANIMA,Fanima,-11.5283637,7.7011729,0
2.0,North ,5.0,TONKOLILI,11.0,YONI,1.0,FOINDU,1.0,FOINDU,YONI,FOINDU,YONI_FOINDU,FOINDU,Fuendu,Fuendu,-12.07007,8.31747,2,FOINDU,Foindu,-12.0697506,8.3174969,0
2.0,North ,5.0,TONKOLILI,11.0,YONI,1.0,FOINDU,2.0,MAYOGBOR A,YONI,MAYOGBOR A,YONI_FOINDU,MAYOGBOR A,Mayogbo,Mayogbo,-12.03528,8.37088,3,MAYOGBOR A,Mayogbo,-12.0906249,8.339887,3
2.0,North ,5.0,TONKOLILI,11.0,YONI,2.0,GAINDEMA,1.0,MILE 91,YONI,MILE 91,YONI_GAINDEMA,MILE 91,Mulikia,"Malikia,Mulikia",-12.53723,8.36596,5,MILE 91,Mile 91,-12.2115824,8.4659111,0
2.0,North ,5.0,TONKOLILI,11.0,YONI,5.0,MACROGBA,1.0,SECTION MAKURUGBA,YONI,MAKURUGBA,YONI_MACROGBA,MAKURUGBA,Makumba,Makumba,-12.33813,8.45599,3,MAKURUGBA,Makrugba,-12.3606884,8.4225941,1
2.0,North ,5.0,TONKOLILI,11.0,YONI,3.0,MAKENI ROKEFULA,1.0,ROFULLAH MAKENI ROFULLAH,YONI,ROFULLAH MAKENI ROFULLAH,YONI_MAKENI ROKEFULA,ROFULLAH MAKENI ROFULLAH,Makeni Rofulla,"Makani,Makeni,Makeni Rofulla",-12.54132,8.42327,10,ROFULLAH MAKENI ROFULLAH,Rogbon Kana Selly,-12.1511006,8.3838718,16
2.0,North ,5.0,TONKOLILI,11.0,YONI,4.0,MAKENI ROKEFULA,2.0,ROKE FULLAH MAGBAFTH,YONI,ROKE FULLAH MAGBAFTH,YONI_MAKENI ROKEFULA,ROKE FULLAH MAGBAFTH,Romagbut,"Banbut,Romagbut",-12.45708,8.3608,13,ROKE FULLAH MAGBAFTH,Magbafath,-12.6000371,8.4571119,13
2.0,North ,5.0,TONKOLILI,11.0,YONI,6.0,MALANCHOR,1.0,SECTION ROBARRIE,YONI,ROBARRIE,YONI_MALANCHOR,ROBARRIE,Ronuri,Ronuri,-12.38102,8.36716,4,ROBARRIE,Ro-barrie,-12.6311317,8.3734761,1
2.0,North ,5.0,TONKOLILI,11.0,YONI,7.0,MALANCHOR,1.0,MAKONDU,YONI,MAKONDU,YONI_MALANCHOR,MAKONDU,Makondu,Makondu,-12.57392,8.36063,0,MAKONDU,Makundu,-12.5744056,8.360909,1
2.0,North ,5.0,TONKOLILI,11.0,YONI,8.0,MALOMPOR,1.0,MAKELEH,YONI,MAKELEH,YONI_MALOMPOR,MAKELEH,Mokele,Mokele,-12.10114,8.47095,2,MAKELEH,Makeleh,-12.1007117,8.4708794,0
2.0,North ,5.0,TONKOLILI,11.0,YONI,9.0,MAMAKA,4.0,MAMAKA MAMAKA,YONI,MAMAKA,YONI_MAMAKA,MAMAKA,Mamaka,"Mamaka,Mamako",-12.2854,8.5156,0,MAMAKA,Mamaka,-12.2841881,8.5150235,0
2.0,North ,5.0,TONKOLILI,11.0,YONI,9.0,MAMAKA,2.0,SECTION ROKIMBI,YONI,ROKIMBI,YONI_MAMAKA,ROKIMBI,Rokumbi,Rokumbi,-12.37691,8.47866,1,ROKIMBI,Rokumbi 2,-12.3768804,8.4785574,3
2.0,North ,5.0,TONKOLILI,11.0,YONI,10.0,MAYIRA,1.0,SECTION MAGBEASSA,YONI,MAGBEASSA,YONI_MAYIRA,MAGBEASSA,Magbese,Magbese,-12.43172,8.41969,3,MAGBEASSA,Magbassia,-12.3160572,8.3758428,2
2.0,North ,5.0,TONKOLILI,11.0,YONI,12.0,PETIFU UPPER,3.0,UPPER BAKELOKO,YONI,UPPER BAKELOKO,YONI_PETIFU UPPER,UPPER BAKELOKO,Bake Loko,Bake Loko,-12.29439,8.3989,7,UPPER BAKELOKO,Bake Loko,-12.2943682,8.3988013,7
2.0,North ,5.0,TONKOLILI,11.0,YONI,12.0,PETIFU UPPER,4.0,UPPER MAGBASIA BANA,YONI,UPPER MAGBASIA BANA,YONI_PETIFU UPPER,UPPER MAGBASIA BANA,Magbesebana,Magbesebana,-12.31604,8.37586,10,UPPER MAGBASIA BANA,Mabilla Banna,-12.0732466,8.4038584,11
2.0,North ,5.0,TONKOLILI,11.0,YONI,12.0,PETIFU UPPER,5.0,UPPER PATIFU FULAMASA,YONI,UPPER PATIFU FULAMASA,YONI_PETIFU UPPER,UPPER PATIFU FULAMASA,Petifu,Petifu,-12.41589,8.44715,15,UPPER PATIFU FULAMASA,Petifu Road,-12.242664,8.4390449,13
2.0,North ,5.0,TONKOLILI,11.0,YONI,11.0,PETIFU-LOWER,1.0,LOWER SECTION RORUCKS,YONI,LOWER  RORUCKS,YONI_PETIFU-LOWER,LOWER  RORUCKS,Roruks,Roruks,-12.42774,8.37802,8,LOWER  RORUCKS,Roruks,-12.4294468,8.3762695,8
2.0,North ,5.0,TONKOLILI,11.0,YONI,13.0,RONIETTA,1.0,SECTION BATH BANA,YONI,BATH BANA,YONI_RONIETTA,BATH BANA,Batbana,Batbana,-12.44707,8.33511,2,BATH BANA,Batbana,-12.4476322,8.3349858,2
2.0,North ,5.0,TONKOLILI,11.0,YONI,13.0,RONIETTA,2.0,SECTION RONIETTA,YONI,RONIETTA,YONI_RONIETTA,RONIETTA,Ronieta,Ronieta,-12.10223,8.38152,1,RONIETTA,Rosint,-12.3989447,8.4402411,4
2.0,North ,5.0,TONKOLILI,11.0,YONI,14.0,YONI,2.0,YONIBANA,YONI,YONIBANA,YONI_YONI,YONIBANA,Yonibana,Yonibana,-12.23929,8.44347,0,YONIBANA,Yonibana,-12.248489,8.4440014,0
2.0,North ,5.0,TONKOLILI,11.0,YONI,15.0,YONI,1.0,SECTION KUMRABAI,YONI,KUMRABAI,YONI_YONI,KUMRABAI,Mabai,Mabai,-12.25113,8.5412,3,KUMRABAI,Kumrabai,-12.3215556,8.4380919,0
